,Unnamed: 0.1,Unnamed: 0,molcule_formula,dsgdb_idx,nmr_shift,atomic_number,x,y,z,energy,nmr_shift_prediction
70,28,28,H12 C13 N6 O1 F2,Fluconazole,272.721,9.0,3.999999989900971e-06,0.563575029373169,2.1239590644836426,-4.877387046813965,257.39316535777016
73,31,31,H12 C13 N6 O1 F2,Fluconazole,287.5045,9.0,0.0001009999978123,4.735926151275635,0.0866919979453086,-4.918321132659912,288.47491574668476
