,Unnamed: 0.1,Unnamed: 0,molcule_formula,dsgdb_idx,nmr_shift,atomic_number,x,y,z,energy,nmr_shift_prediction
283,2,2,H2 C3 O1 F6,Desflurane,275.541,9.0,-1.7700140476226809,0.3260819911956787,1.297368049621582,-4.607395648956299,274.00133481784667
284,3,3,H2 C3 O1 F6,Desflurane,264.6059,9.0,-2.586005926132202,-0.5255849957466125,-0.518235981464386,-4.612798690795898,269.09620205405463
285,4,4,H2 C3 O1 F6,Desflurane,265.0948,9.0,-1.6583800315856934,1.4315580129623413,-0.5640040040016174,-4.631699085235596,264.213965810315
288,7,7,H2 C3 O1 F6,Desflurane,331.4831,9.0,-0.2515729963779449,-1.6991339921951294,0.1563130021095276,-4.646623134613037,285.4170034205958
290,9,9,H2 C3 O1 F6,Desflurane,260.017,9.0,2.54805588722229,-0.9757890105247498,0.0110689997673034,-4.660955905914307,255.60843461053878
291,10,10,H2 C3 O1 F6,Desflurane,273.5093,9.0,2.7466700077056885,1.17979896068573,0.1954399943351745,-4.619752883911133,256.67360948485015
450,6,6,H3 C4 N2 O2 F1,Fluorouracil,346.6691,9.0,-2.445791959762573,-0.79619300365448,-1.4000000192027072e-05,-4.865821361541748,345.7510247818815
